id,roll_no,name,age
1,1001,Amul,20
2,1002,Atul,25
3,1003,Rohit,21
4,1004,Sachin,24
5,1005,Ashish,28
6,1,Daniel,25
7,2,Kevin,18
8,3,David,24
9,4,Samuel,18
10,5,David,23
11,6,George,22
12,7,Grace,24
13,8,Emma,22
14,9,Ella,18
15,10,Anthony,23
16,11,Madison,19
17,12,Sarah,21
18,13,Avery,24
19,14,Brian,20
20,15,Justin,24
21,16,George,23
22,17,Ella,24
23,18,James,22
24,19,Abigail,23
25,20,Isabella,18
26,21,Anthony,19
27,22,Andrew,24
28,23,Sophia,20
29,24,Isabella,21
30,25,Edward,21
31,26,Lillian,21
32,27,Henry,21
33,28,Robert,21
34,29,Kevin,19
35,30,Sarah,24
36,31,John,23
37,32,Victoria,19
38,33,David,24
39,34,David,25
40,35,Henry,24
41,36,Brooklyn,19
42,37,William,21
43,38,Alice,19
44,39,Thomas,21
45,40,Natalie,21
46,41,Natalie,21
47,42,John,19
48,43,Andrew,21
49,44,Victoria,25
50,45,Isabella,24
51,46,Michael,22
52,47,Victoria,25
53,48,Brian,25
54,49,Emma,19
55,50,Matthew,20
56,1,Daniel,25
57,2,Kevin,18
58,3,David,24
59,4,Samuel,18
60,5,David,23
61,6,George,22
62,7,Grace,24
63,8,Emma,22
64,9,Ella,18
65,10,Anthony,23
66,11,Madison,19
67,12,Sarah,21
68,13,Avery,24
69,14,Brian,20
70,15,Justin,24
71,16,George,23
72,17,Ella,24
73,18,James,22
74,19,Abigail,23
75,20,Isabella,18
76,21,Anthony,19
77,22,Andrew,24
78,23,Sophia,20
79,24,Isabella,21
80,25,Edward,21
81,26,Lillian,21
82,27,Henry,21
83,28,Robert,21
84,29,Kevin,19
85,30,Sarah,24
86,31,John,23
87,32,Victoria,19
88,33,David,24
89,34,David,25
90,35,Henry,24
91,36,Brooklyn,19
92,37,William,21
93,38,Alice,19
94,39,Thomas,21
95,40,Natalie,21
96,41,Natalie,21
97,42,John,19
98,43,Andrew,21
99,44,Victoria,25
100,45,Isabella,24
101,46,Michael,22
102,47,Victoria,25
103,48,Brian,25
104,49,Emma,19
105,50,Matthew,20
106,1,Daniel,25
107,2,Kevin,18
108,3,David,24
109,4,Samuel,18
110,5,David,23
111,6,George,22
112,7,Grace,24
113,8,Emma,22
114,9,Ella,18
115,10,Anthony,23
116,11,Madison,19
117,12,Sarah,21
118,13,Avery,24
119,14,Brian,20
120,15,Justin,24
121,16,George,23
122,17,Ella,24
123,18,James,22
124,19,Abigail,23
125,20,Isabella,18
126,21,Anthony,19
127,22,Andrew,24
128,23,Sophia,20
129,24,Isabella,21
130,25,Edward,21
131,26,Lillian,21
132,27,Henry,21
133,28,Robert,21
134,29,Kevin,19
135,30,Sarah,24
136,31,John,23
137,32,Victoria,19
138,33,David,24
139,34,David,25
140,35,Henry,24
141,36,Brooklyn,19
142,37,William,21
143,38,Alice,19
144,39,Thomas,21
145,40,Natalie,21
146,41,Natalie,21
147,42,John,19
148,43,Andrew,21
149,44,Victoria,25
150,45,Isabella,24
151,46,Michael,22
152,47,Victoria,25
153,48,Brian,25
154,49,Emma,19
155,50,Matthew,20
156,1,Daniel,25
157,2,Kevin,18
158,3,David,24
159,4,Samuel,18
160,5,David,23
161,6,George,22
162,7,Grace,24
163,8,Emma,22
164,9,Ella,18
165,10,Anthony,23
166,11,Madison,19
167,12,Sarah,21
168,13,Avery,24
169,14,Brian,20
170,15,Justin,24
171,16,George,23
172,17,Ella,24
173,18,James,22
174,19,Abigail,23
175,20,Isabella,18
176,21,Anthony,19
177,22,Andrew,24
178,23,Sophia,20
179,24,Isabella,21
180,25,Edward,21
181,26,Lillian,21
182,27,Henry,21
183,28,Robert,21
184,29,Kevin,19
185,30,Sarah,24
186,31,John,23
187,32,Victoria,19
188,33,David,24
189,34,David,25
190,35,Henry,24
191,36,Brooklyn,19
192,37,William,21
193,38,Alice,19
194,39,Thomas,21
195,40,Natalie,21
196,41,Natalie,21
197,42,John,19
198,43,Andrew,21
199,44,Victoria,25
200,45,Isabella,24
201,46,Michael,22
202,47,Victoria,25
203,48,Brian,25
204,49,Emma,19
205,50,Matthew,20
206,1,Daniel,25
207,2,Kevin,18
208,3,David,24
209,4,Samuel,18
210,5,David,23
211,6,George,22
212,7,Grace,24
213,8,Emma,22
214,9,Ella,18
215,10,Anthony,23
216,11,Madison,19
217,12,Sarah,21
218,13,Avery,24
219,14,Brian,20
220,15,Justin,24
221,16,George,23
222,17,Ella,24
223,18,James,22
224,19,Abigail,23
225,20,Isabella,18
226,21,Anthony,19
227,22,Andrew,24
228,23,Sophia,20
229,24,Isabella,21
230,25,Edward,21
231,26,Lillian,21
232,27,Henry,21
233,28,Robert,21
234,29,Kevin,19
235,30,Sarah,24
236,31,John,23
237,32,Victoria,19
238,33,David,24
239,34,David,25
240,35,Henry,24
241,36,Brooklyn,19
242,37,William,21
243,38,Alice,19
244,39,Thomas,21
245,40,Natalie,21
246,41,Natalie,21
247,42,John,19
248,43,Andrew,21
249,44,Victoria,25
250,45,Isabella,24
251,46,Michael,22
252,47,Victoria,25
253,48,Brian,25
254,49,Emma,19
255,50,Matthew,20
256,1,Daniel,25
257,2,Kevin,18
258,3,David,24
259,4,Samuel,18
260,5,David,23
261,6,George,22
262,7,Grace,24
263,8,Emma,22
264,9,Ella,18
265,10,Anthony,23
266,11,Madison,19
267,12,Sarah,21
268,13,Avery,24
269,14,Brian,20
270,15,Justin,24
271,16,George,23
272,17,Ella,24
273,18,James,22
274,19,Abigail,23
275,20,Isabella,18
276,21,Anthony,19
277,22,Andrew,24
278,23,Sophia,20
279,24,Isabella,21
280,25,Edward,21
281,26,Lillian,21
282,27,Henry,21
283,28,Robert,21
284,29,Kevin,19
285,30,Sarah,24
286,31,John,23
287,32,Victoria,19
288,33,David,24
289,34,David,25
290,35,Henry,24
291,36,Brooklyn,19
292,37,William,21
293,38,Alice,19
294,39,Thomas,21
295,40,Natalie,21
296,41,Natalie,21
297,42,John,19
298,43,Andrew,21
299,44,Victoria,25
300,45,Isabella,24
301,46,Michael,22
302,47,Victoria,25
303,48,Brian,25
304,49,Emma,19
305,50,Matthew,20
